#{"t_start": 1774620365.5528686, "env_id": "None"}
r,l,t
1.685533,3,1.135939
0.148436,1,1.138849
-0.160638,2,1.144231
-3.296976,1,1.147141
14.210518,11,1.17907
-0.928393,1,1.181882
0.095271,4,1.190438
-2.120608,2,1.195202
0.790102,6,1.209423
6.892369,2,1.215
6.336964,4,1.223233
-7.046718,3,1.230147
4.52771,5,1.241615
-2.96658,1,1.244421
5.125113,5,1.255116
-2.136786,3,1.261393
6.3099,7,1.275906
16.464484,12,1.298661
1.283668,4,1.307792
-4.238368,1,1.311045
-2.492309,2,1.316821
0.384074,3,1.323469
-2.001322,1,1.326463
-0.605817,1,1.329258
-8.668994,6,1.341761
-8.335166,2,1.346449
-2.011551,2,1.351303
3.217297,5,1.361083
-17.661115,10,1.796824
-5.653481,7,1.869706
-2.253729,3,1.901974
-3.622711,5,1.956062
-5.307465,1,1.968128
0.368411,1,1.980255
-6.204373,1,1.992258
-3.096099,4,2.038555
-4.16254,1,2.050527
1.158001,1,2.06189
-5.430315,1,2.074106
2.253483,2,2.098172
-3.202459,1,2.111052
1.982866,1,2.123665
-0.619035,2,2.148183
-10.707412,4,2.190652
-0.560619,4,2.237364
-2.554201,1,2.249717
-1.139439,1,2.261152
-4.515445,2,2.283064
-4.406817,1,2.295296
-2.742621,1,2.30703
0.085356,6,2.373647
-3.17228,1,2.38502
-2.241038,2,2.407473
6.784057,3,2.442897
-5.932629,2,2.464016
2.41917,3,2.495519
12.463691,5,2.553862
-0.039196,6,2.624045
3.431015,4,2.666667
-4.231484,1,2.678443
3.064534,7,2.75659
24.272424,14,2.904548
12.856597,4,2.948417
0.050866,3,2.980643
-1.025902,8,3.071035
-3.032692,2,3.093489
7.226032,2,3.115689
2.638604,1,3.129571
-0.590943,1,3.142926
-10.158292,3,3.177768
-4.485957,1,3.190396
11.39196,11,3.303769
27.4798,23,3.547822
27.792601,20,3.768004
1.856387,6,3.832249
18.478322,12,3.957407
39.872376,49,4.482097
95.275892,45,4.960144
39.222178,21,5.190585
7.028487,8,5.276846
25.485026,15,5.46955
5.515775,3,5.503205
31.885161,13,5.652584
34.163093,28,5.957007
1.567263,3,5.99433
-8.742336,1,6.008749
54.152053,29,6.320164
43.457962,23,6.564576
-4.122669,6,6.633387
28.754357,13,6.775338
86.420376,37,7.167119
1.514131,5,7.220027
17.860558,6,7.289377
129.00465,50,7.810159
45.056296,20,8.019929
137.709865,47,8.507651
142.478754,50,9.050067
57.196215,23,9.297465
28.083655,11,9.412148
156.098793,50,9.948283
140.783522,50,10.491594
184.101456,50,11.018668
139.772219,44,11.48259
192.816484,50,12.009914
188.981418,50,12.538677
170.060321,50,13.060289
200.615639,50,13.576787
223.455972,50,14.112206
229.028444,50,14.643154
11.268534,3,14.675931
241.776401,50,15.191213
273.171552,50,15.767197
237.467723,50,16.309546
242.431645,50,16.831004
271.429194,50,17.355453
274.810552,50,17.875349
254.656346,50,18.416623
276.284055,50,18.940562
286.001888,50,19.478794
279.295598,50,20.009444
263.544269,50,20.627018
243.73534,50,21.176519
271.957883,50,21.73359
282.392296,50,22.73501
303.606367,50,23.357766
275.732339,50,23.899596
289.073693,50,24.436458
263.020442,50,24.972179
290.948121,50,25.559278
260.554166,50,26.115791
276.984183,50,26.673543
287.085782,50,27.210673
278.130047,50,27.752447
284.57216,50,28.292052
301.657009,50,28.844999
296.452169,50,29.407818
288.595249,50,29.980171
299.688166,50,30.505671
320.747702,50,31.038521
302.708613,50,31.556015
269.568633,50,32.091043
294.064668,50,32.628358
294.306803,50,33.223263
290.487394,50,33.751613
310.738309,50,34.296377
307.781103,50,34.833195
291.124573,50,35.355197
304.741194,50,35.886626
314.883593,50,36.416463
320.733884,50,36.940049
305.846287,50,37.4704
300.914512,50,37.990276
289.619639,50,38.549663
304.385109,50,39.136138
329.099611,50,39.708641
308.757017,50,40.294811
317.032052,50,40.834582
322.259834,50,41.372829
311.008164,50,41.895451
310.109964,50,42.442434
314.462275,50,43.003861
329.593814,50,43.558628
308.599487,50,44.118518
322.63314,50,45.087648
329.387017,50,45.68088
321.255173,50,46.212969
323.530812,50,46.747904
316.573494,50,47.282747
329.691034,50,47.87378
320.943465,50,48.456724
337.281564,50,49.007077
320.171669,50,49.635048
336.288215,50,50.227528
326.163007,50,50.76928
339.568687,50,51.304385
328.969109,50,51.827763
296.222787,50,52.393967
325.877731,50,52.937002
328.677674,50,53.498438
332.309333,50,54.059329
331.480125,50,54.578006
335.988552,50,55.091069
333.255688,50,55.60224
330.976942,50,56.222364
348.611637,50,56.744529
332.288493,50,57.270036
343.082307,50,57.781747
337.887236,50,58.297429
319.942919,50,58.819899
338.039612,50,59.350694
338.889428,50,59.890114
326.237767,50,60.432597
327.828306,50,60.972054
343.848182,50,61.489185
327.088031,50,62.07076
335.508265,50,62.644533
328.277665,50,63.216999
338.970298,50,63.83423
329.534714,50,64.44131
329.364287,50,65.003775
341.576703,50,65.580432
348.722588,50,66.192595
351.269727,50,66.83529
341.837541,50,67.881593
332.246577,50,68.500196
346.615737,50,69.168113
339.472848,50,69.744977
345.774545,50,70.322234
351.376525,50,70.895176
338.47943,50,71.586321
352.186633,50,72.120419
348.168143,50,72.668025
343.824741,50,73.229124
359.88578,50,73.831316
350.032821,50,74.399884
335.187555,50,74.979403
355.857093,50,75.559749
348.071725,50,76.17172
350.395211,50,76.701136
348.751552,50,77.225264
345.767727,50,77.79225
336.684242,50,78.326314
344.770601,50,78.91632
350.90849,50,79.793159
348.829973,50,80.421609
354.115228,50,80.973819
361.315555,50,81.581264
350.032329,50,82.189599
360.326056,50,82.771972
365.419377,50,83.324794
367.70329,50,83.915762
365.416902,50,84.464951
362.755832,50,85.01619
360.690639,50,85.557087
361.81177,50,86.097079
357.880165,50,86.64969
363.137188,50,87.216435
363.865388,50,87.874636
358.587941,50,88.4547
363.1845,50,88.998574
361.913296,50,89.54317
354.747085,50,90.087541
356.594295,50,90.628638
356.967783,50,91.605257
357.322311,50,92.244571
362.806337,50,92.824079
367.587035,50,93.565179
372.009489,50,94.177608
354.774316,50,94.770866
334.805801,50,95.38849
365.994379,50,96.0306
363.400119,50,96.653903
362.134136,50,97.232768
361.485399,50,97.912182
365.439232,50,98.556335
356.485762,50,99.256917
361.288696,50,99.930218
359.669857,50,100.500583
364.59056,50,101.118281
354.42893,50,101.73233
368.65092,50,102.288088
364.459966,50,102.940845
372.370485,50,103.535564
358.534219,50,104.192308
369.558186,50,104.880744
372.054647,50,105.469585
369.538844,50,106.027328
368.493036,50,106.563825
359.59922,50,107.110297
370.919866,50,107.722121
368.412527,50,108.310923
359.972116,50,108.88477
367.009816,50,109.46451
367.892021,50,110.078236
367.831096,50,110.696333
357.111868,50,111.349408
365.29442,50,111.880834
362.750237,50,112.407698
362.926395,50,112.961819
360.562198,50,113.561649
356.085285,50,114.124093
332.270532,50,114.67703
364.197567,50,115.248142
354.056033,50,116.317296
356.707073,50,116.867764
371.48049,50,117.400198
365.842302,50,117.939001
362.94015,50,118.462343
365.003939,50,119.087263
366.574838,50,119.661094
354.042301,50,120.217224
346.831021,50,120.755232
351.061421,50,121.328023
366.068859,50,121.859944
364.948088,50,122.386811
370.068339,50,122.947381
370.381917,50,123.58299
366.913332,50,124.152079
368.292392,50,124.739105
364.267047,50,125.465225
361.391,50,126.101665
373.432639,50,126.724212
363.171752,50,127.339498
370.912286,50,128.005579
367.078959,50,128.581951
370.112116,50,129.228356
376.665785,50,129.791861
372.45768,50,130.441149
377.994061,50,130.995899
365.697151,50,131.535233
364.020567,50,132.063493
364.083926,50,132.610081
362.331476,50,133.165313
353.588293,50,133.737725
361.257026,50,134.291625
367.667649,50,134.862591
358.653388,50,135.412045
366.853939,50,136.036777
371.296162,50,136.585508
359.6436,50,137.144528
352.885135,50,137.722225
360.584672,50,138.3529
353.769536,50,138.958103
335.785471,50,139.921122
351.9647,50,140.427693
332.108104,50,140.934142
351.959015,50,141.440817
375.408533,50,141.984595
361.69558,50,142.573949
354.182065,50,143.091386
323.857506,50,143.753633
314.954454,50,144.434862
350.732573,50,145.174644
311.685876,50,145.94548
336.256631,50,146.587843
334.586584,50,147.25096
369.523848,50,147.927035
370.820559,50,148.570483
358.348352,50,149.247389
327.53323,50,149.906304
326.968515,50,150.650587
332.712939,50,151.322125
344.300743,50,152.103489
361.753007,50,152.831466
347.490952,50,153.57796
312.77464,50,154.289372
322.180273,50,155.045907
324.511162,50,155.763266
363.481213,50,156.548512
326.002209,50,157.352729
304.147073,50,158.186194
370.963258,50,159.051352
359.982273,50,159.803343
366.018467,50,160.586826
367.406375,50,161.254338
365.935932,50,161.928361
338.305688,50,162.577432
341.188344,50,163.237373
364.032684,50,163.964589
365.018896,50,164.706099
366.620195,50,165.397743
367.074428,50,166.163182
365.704265,50,166.805157
373.154683,50,167.943599
372.362488,50,168.686025
363.936641,50,169.417063
366.18528,50,170.137657
371.424303,50,171.006935
368.194198,50,171.811007
379.931609,50,172.599391
381.431548,50,173.331166
379.958216,50,174.038733
368.244439,50,174.727988
377.291425,50,175.38748
375.643126,50,176.097164
385.391491,50,176.800422
380.812005,50,177.499331
383.375672,50,178.233054
380.088269,50,178.949578
375.04281,50,179.628461
373.185961,50,180.329141
381.652428,50,181.027442
379.422729,50,181.788758
381.89177,50,182.627371
376.871424,50,183.458796
365.757909,50,184.166705
377.818721,50,184.953921
385.179175,50,185.610008
376.541195,50,186.260046
382.315252,50,186.994856
379.499798,50,187.869295
378.000631,50,188.661194
374.925439,50,189.306626
367.501516,50,189.940943
374.322768,50,190.600124
370.268752,50,191.330925
374.468629,50,192.005461
382.546374,50,192.721512
370.554253,50,193.346028
374.424635,50,194.02232
379.562581,50,194.78073
366.508264,50,195.476938
378.32485,50,196.157003
391.10288,50,197.545028
376.363384,50,198.229931
373.794172,50,198.959382
376.041498,50,199.712103
380.89566,50,200.348741
373.786781,50,201.158697
373.523454,50,201.868549
383.95687,50,202.534954
390.188897,50,203.193262
378.875694,50,203.904287
381.503847,50,204.617076
379.126892,50,205.474063
388.119598,50,206.187079
378.254506,50,206.840415
383.566701,50,207.565982
378.349123,50,208.29993
377.885178,50,208.993847
374.471487,50,209.648618
382.764265,50,210.319525
379.554775,50,211.060944
380.420939,50,211.750719
380.920308,50,212.509246
382.688141,50,213.218615
380.118067,50,213.988374
377.620502,50,214.67017
378.963081,50,215.453899
379.315056,50,216.191903
377.227936,50,216.83413
378.872634,50,217.495066
379.988626,50,218.167504
380.194083,50,218.965586
381.95946,50,219.704189
381.565169,50,220.372869
378.290777,50,221.247272
375.228039,50,221.910427
371.523984,50,222.577739
371.460435,50,223.233974
373.478534,50,223.930017
379.140323,50,224.582856
375.727495,50,225.239843
382.077777,50,226.374255
385.463323,50,227.013179
383.58409,50,227.639647
381.195848,50,228.27307
373.975057,50,229.007862
381.575766,50,229.694151
388.125493,50,230.336385
384.165682,50,230.977629
387.087731,50,231.620982
386.859545,50,232.268672
385.064404,50,232.913068
377.648792,50,233.541106
378.914124,50,234.197171
384.578021,50,234.823725
377.805227,50,235.463412
370.552405,50,236.1345
376.324195,50,236.792888
373.387736,50,237.457085
376.069907,50,238.090436
381.158041,50,238.729314
382.919565,50,239.381553
380.51493,50,240.035862
378.680159,50,240.69927
379.673374,50,241.345152
384.067445,50,241.970451
378.608371,50,242.607721
383.619991,50,243.233566
384.927853,50,243.85854
378.96287,50,244.500643
386.781828,50,245.14899
383.422713,50,245.777218
383.911164,50,246.405653
381.700514,50,247.044467
378.908236,50,247.685161
380.870279,50,248.393423
373.081795,50,249.037997
368.882421,50,249.652079
371.014165,50,250.389107
372.044955,50,251.059617
370.109157,50,251.746959
379.212855,50,253.238004
378.30975,50,253.922387
375.668764,50,254.678761
379.511075,50,255.39144
378.550575,50,256.088636
375.540146,50,256.826131
382.907128,50,257.560747
377.355183,50,258.410674
388.76058,50,259.165485
388.172163,50,259.947475
386.541169,50,260.677844
378.243481,50,261.449618
380.93281,50,262.085761
386.251261,50,262.739844
383.848309,50,263.391726
385.227875,50,264.030464
386.981211,50,264.64751
378.053247,50,265.275917
381.337122,50,265.922198
384.176435,50,266.55445
376.925532,50,267.190196
380.083217,50,267.851745
366.101921,50,268.500267
372.253991,50,269.134919
374.479376,50,269.771249
373.701386,50,270.487066
388.956778,50,271.264625
382.048312,50,272.041133
376.533364,50,272.718608
381.755137,50,273.394977
367.552381,50,274.07278
377.827811,50,274.843743
381.9194,50,275.487379
377.098212,50,276.146981
381.429203,50,276.831722
375.661559,50,277.481344
372.621877,50,278.116904
383.34525,50,278.803423
370.248872,50,279.472046
363.3814,50,280.142459
368.531291,50,281.324211
361.019352,50,281.978497
367.183154,50,282.613699
367.161501,50,283.257342
371.616795,50,283.907992
369.415597,50,284.543948
374.458372,50,285.17904
374.450351,50,285.904246
363.226355,50,286.596918
373.836322,50,287.318564
383.770452,50,288.034323
369.510791,50,288.752463
359.916946,50,289.488415
371.553627,50,290.193705
363.205724,50,290.973826
365.571227,50,291.620395
369.101038,50,292.311234
377.3086,50,293.041074
366.571395,50,293.752862
376.567232,50,294.445991
370.886363,50,295.106072
370.530854,50,295.795511
380.05725,50,296.495153
377.705311,50,297.202644
370.979204,50,297.911453
376.036496,50,298.649379
375.736099,50,299.37264
380.096763,50,300.171175
382.834563,50,300.895548
370.211355,50,301.614045
371.127374,50,302.459978
381.24479,50,303.343616
366.968326,50,304.035565
372.222673,50,304.696526
362.57691,50,305.416795
368.838313,50,306.101001
374.827855,50,306.817673
380.678627,50,307.485209
375.852099,50,308.197465
371.354288,50,308.892396
380.900613,50,310.122838
368.99369,50,310.840834
369.686717,50,311.711649
382.449828,50,312.721168
378.415345,50,313.444926
382.856139,50,314.248823
388.805932,50,315.008257
376.790308,50,315.720581
382.921714,50,316.560365
383.702518,50,317.360158
382.841432,50,318.107424
382.380082,50,318.971141
366.350093,50,319.747359
381.962315,50,320.430485
376.468077,50,321.143667
366.340875,50,322.0636
360.459136,50,322.828841
381.520218,50,323.489246
384.403463,50,324.172109
374.221964,50,324.870829
382.814975,50,325.763477
362.726107,50,326.548379
362.5524,50,327.342533
379.372918,50,327.947067
373.831401,50,328.545657
359.731677,50,329.223948
386.569463,50,329.948508
381.053852,50,330.612016
379.294618,50,331.270429
372.22728,50,331.90157
357.816263,50,332.640317
377.99119,50,333.431153
384.193948,50,334.109465
379.81126,50,334.802051
381.013008,50,335.526315
352.801535,50,336.249427
382.693131,50,336.847734
377.645049,50,337.438243
369.83757,50,338.029474
373.400633,50,338.637097
368.802052,50,339.835532
379.667538,50,340.435648
373.205392,50,341.023408
366.734992,50,341.594112
373.162338,50,342.174462
376.964837,50,342.740908
375.774913,50,343.317972
373.32165,50,343.937375
374.41208,50,344.506956
372.623426,50,345.086188
365.452339,50,345.667271
370.72858,50,346.239491
366.158489,50,346.817243
380.244632,50,347.393588
372.989898,50,347.984283
382.414306,50,348.564928
374.252629,50,349.152313
369.816748,50,349.73443
382.315602,50,350.402454
370.780177,50,350.985977
373.675657,50,351.563465
383.823029,50,352.157281
385.873409,50,352.74287
378.717947,50,353.326782
385.759408,50,353.900064
371.781341,50,354.471335
376.472017,50,355.03419
373.846269,50,355.607567
374.096479,50,356.176543
376.503448,50,356.748554
376.889977,50,357.321769
368.362107,50,357.898532
369.931142,50,358.477175
378.550865,50,359.098498
371.350406,50,359.687747
376.184768,50,360.258694
378.962659,50,360.83232
384.344868,50,361.41821
379.949192,50,362.013107
380.592811,50,362.583386
383.827895,50,363.629752
370.654322,50,364.20311
386.949114,50,364.778955
380.575607,50,365.351966
373.878587,50,365.985748
380.274951,50,366.567846
385.699259,50,367.182293
373.789568,50,367.749756
369.485736,50,368.32883
376.670924,50,368.921343
372.136757,50,369.4927
344.400687,50,370.064917
358.605813,50,370.633849
380.840673,50,371.210583
383.742435,50,371.790139
381.302746,50,372.35778
371.905156,50,372.950051
376.551373,50,373.519358
382.669209,50,374.111159
383.638606,50,374.684724
373.336212,50,375.258111
365.737844,50,375.8299
374.603579,50,376.487733
375.274568,50,377.118743
374.452056,50,377.781394
361.819609,50,378.414248
382.559124,50,379.131336
380.106655,50,379.847172
377.926475,50,380.486068
378.39147,50,381.217051
341.955251,50,381.862585
364.499782,50,382.513052
380.240082,50,383.177299
382.232135,50,383.814118
378.706919,50,384.56825
375.659605,50,385.21522
378.436363,50,385.813734
367.919839,50,386.440351
376.782713,50,387.055648
388.123265,50,387.648475
361.10992,50,388.884774
388.524478,50,389.532597
368.103098,50,390.123133
370.634937,50,390.713945
371.684449,50,391.302465
353.891541,50,391.901831
343.208739,50,392.488941
373.700411,50,393.103777
376.0311,50,393.69067
379.829329,50,394.282608
382.632179,50,394.877044
377.605887,50,395.46701
365.548383,50,396.092066
340.934762,50,396.755364
376.173558,50,397.488779
364.682239,50,398.233848
372.488306,50,398.840842
367.794043,50,399.430377
380.472146,50,400.032086
375.87053,50,400.644396
379.256999,50,401.238383
372.472415,50,401.835061
366.635797,50,402.454023
366.33865,50,403.073092
351.938893,50,403.655968
360.383932,50,404.257869
368.004705,50,404.864703
366.075611,50,405.445065
371.01211,50,406.03986
372.544014,50,406.621526
377.643591,50,407.233748
370.134561,50,407.841436
370.694276,50,408.455207
380.524864,50,409.048159
385.052325,50,409.642477
376.602607,50,410.232451
375.665792,50,410.815238
376.324977,50,411.398827
380.806125,50,411.992544
378.140035,50,412.582003
342.8907,50,413.665975
379.663897,50,414.256481
371.308566,50,414.873645
371.247956,50,415.457811
380.946285,50,416.04329
340.396382,50,416.655516
376.008336,50,417.270943
378.737681,50,417.851294
380.910999,50,418.454086
382.185789,50,419.037291
375.964233,50,419.632296
380.995867,50,420.218516
345.570071,50,420.802012
349.117173,50,421.430903
378.528568,50,422.031295
338.412788,50,422.616861
377.328744,50,423.234397
346.634871,50,423.837804
373.944186,50,424.43963
381.315347,50,425.032962
372.544189,50,425.617281
374.719276,50,426.19938
364.514367,50,426.809706
373.325474,50,427.415094
356.678841,50,428.001098
375.919629,50,428.590107
370.200222,50,429.180019
371.926141,50,429.777022
372.025292,50,430.373492
383.623744,50,430.963871
381.047943,50,431.551472
376.235037,50,432.157357
367.807401,50,432.758747
377.312697,50,433.367715
379.549732,50,433.962739
364.862213,50,434.546566
380.637835,50,435.129978
363.545783,50,435.714155
388.540194,50,436.297927
382.126292,50,436.892259
380.35864,50,437.958068
374.390574,50,438.55306
368.902235,50,439.141842
347.517346,50,439.735367
356.454218,50,440.322848
376.693789,50,440.914339
373.607302,50,441.502119
381.875791,50,442.096636
385.356358,50,442.685089
379.060277,50,443.27702
383.753838,50,443.87443
381.011379,50,444.479123
377.759323,50,445.108042
379.514477,50,445.693527
370.081785,50,446.289941
379.57303,50,446.886958
373.328931,50,447.474106
371.798741,50,448.076749
365.000937,50,448.656488
381.114789,50,449.251807
387.297,50,449.943461
379.316552,50,450.559007
375.509335,50,451.146152
374.548575,50,451.730331
386.396652,50,452.326068
378.963691,50,452.917657
384.140633,50,453.511698
382.771672,50,454.129297
382.524821,50,454.722616
377.117779,50,455.317902
376.704147,50,455.900533
374.390914,50,456.497153
372.673277,50,457.102152
377.805567,50,457.684921
383.244094,50,458.286265
383.533011,50,458.875336
380.562873,50,459.483533
377.478627,50,460.095379
383.122741,50,460.719556
379.168384,50,461.321241
377.252018,50,462.387326
378.111758,50,462.979189
382.092968,50,463.561224
378.710285,50,464.182755
384.933831,50,464.773586
375.365804,50,465.361595
377.773753,50,465.944996
365.490231,50,466.554333
371.177803,50,467.160238
351.61492,50,467.752739
371.322664,50,468.347822
376.438848,50,468.94436
361.165512,50,469.552335
355.856683,50,470.138255
358.421668,50,470.738513
358.374043,50,471.336931
366.524437,50,471.962351
375.508599,50,472.571314
381.962388,50,473.15414
384.108346,50,473.745583
375.280926,50,474.341085
383.69413,50,474.949611
380.700168,50,475.557021
381.214972,50,476.150347
366.035348,50,476.739664
381.325526,50,477.354364
360.688081,50,477.942325
359.626664,50,478.535524
358.97523,50,479.124564
367.869929,50,479.730768
376.434567,50,480.311313
379.39648,50,480.896922
375.2746,50,481.476324
376.75803,50,482.102291
377.422306,50,482.71205
377.225609,50,483.303241
370.48624,50,483.896067
379.507906,50,484.494605
380.307509,50,485.079277
379.302195,50,485.663678
383.237236,50,486.711581
377.394285,50,487.339547
376.900616,50,487.94918
374.739918,50,488.537872
378.003629,50,489.123278
379.334814,50,489.719419
374.350271,50,490.303356
378.196664,50,490.908877
359.432985,50,491.506448
385.413864,50,492.118155
381.638592,50,492.699352
380.301056,50,493.313981
379.019867,50,493.924011
380.950449,50,494.516402
388.054812,50,495.118555
373.996271,50,495.716476
386.524055,50,496.321851
388.042383,50,496.904198
375.122398,50,497.485337
372.777091,50,498.067466
367.292382,50,498.654612
374.597219,50,499.239396
382.14638,50,499.823004
379.645465,50,500.40709
376.603395,50,500.993109
376.870296,50,501.6127
376.234036,50,502.200387
381.771138,50,502.801409
376.921694,50,503.388191
380.754878,50,503.977155
375.709943,50,504.561332
384.877139,50,505.148751
381.063735,50,505.754998
371.845804,50,506.357765
386.386964,50,506.945041
366.202816,50,507.527416
374.520612,50,508.118535
386.885538,50,508.702461
385.018087,50,509.284987
386.785414,50,509.877178
376.372536,50,511.03908
378.0575,50,511.653391
365.797183,50,512.2384
374.018369,50,512.828261
382.401927,50,513.421082
376.719898,50,514.033212
369.017439,50,514.643481
356.003153,50,515.249601
364.829084,50,515.846123
376.520434,50,516.44081
378.193153,50,517.027823
384.746424,50,517.612944
374.00905,50,518.214417
375.237406,50,518.820863
376.472313,50,519.414324
374.649873,50,520.013686
341.025516,50,520.619833
373.043716,50,521.207191
364.936064,50,521.802672
367.901608,50,522.386557
379.084139,50,522.996378
392.464691,50,523.604737
277.75312,50,524.193621
374.587151,50,524.794602
379.842882,50,525.378077
374.494396,50,525.962669
363.867533,50,526.543676
383.601296,50,527.135815
370.475004,50,527.733123
388.252175,50,528.328089
382.370133,50,528.931776
380.023679,50,529.54563
362.44974,50,530.135307
366.987171,50,530.73495
350.222574,50,531.318246
370.005541,50,531.903345
364.434589,50,532.502583
369.90847,50,533.096756
336.195985,50,533.690474
358.47021,50,534.299211
373.822268,50,535.390856
370.354341,50,535.977532
374.990064,50,536.574939
360.960803,50,537.181735
376.507986,50,537.77949
380.694076,50,538.401352
372.247515,50,539.002415
371.521872,50,539.620222
376.259872,50,540.214829
376.883376,50,540.805079
378.986871,50,541.389643
348.373991,50,541.998025
354.550069,50,542.602348
284.138455,50,543.188197
264.527879,50,543.776401
364.523055,50,544.355508
377.831223,50,544.939231
365.532862,50,545.521361
370.191179,50,546.130813
292.515082,50,546.724238
370.5202,50,547.309395
377.084739,50,547.896434
368.3947,50,548.481308
378.135149,50,549.108675
370.402436,50,549.695766
377.389588,50,550.281315
378.106693,50,550.87084
371.265609,50,551.460222
379.105571,50,552.071764
386.357258,50,552.693525
350.272268,50,553.313532
376.384397,50,553.904668
359.918936,50,554.518461
369.938023,50,555.112978
380.410522,50,555.693631
381.372569,50,556.279874
380.236806,50,556.862303
381.510702,50,557.446038
378.772093,50,558.032692
371.919444,50,558.621831
381.972718,50,559.696893
377.421502,50,560.297031
374.45839,50,560.885855
380.275432,50,561.471051
381.659499,50,562.063955
384.774247,50,562.658638
377.859709,50,563.2554
372.334327,50,563.836476
369.464445,50,564.422495
365.56507,50,565.017443
381.841611,50,565.597399
392.15741,50,566.178511
378.050254,50,566.761653
386.37532,50,567.34607
374.812271,50,567.931625
373.228736,50,568.516784
369.017964,50,569.099042
378.56223,50,569.717091
378.867012,50,570.309794
381.931519,50,570.89922
376.665659,50,571.565834
378.595504,50,572.154178
379.341557,50,572.744673
384.667461,50,573.326652
386.698589,50,573.919841
382.76451,50,574.50335
382.4135,50,575.095596
377.163551,50,575.680997
372.999544,50,576.27457
380.117591,50,576.875818
377.138962,50,577.484718
372.475047,50,578.071939
376.961323,50,578.651578
327.697902,50,579.267644
291.075883,50,579.873943
310.735384,50,580.464574
378.336282,50,581.045384
383.617494,50,581.648587
387.14075,50,582.266487
379.617012,50,582.878881
377.308878,50,583.922207
383.956031,50,584.517747
376.175503,50,585.100772
364.383429,50,585.684979
375.542748,50,586.26168
376.243196,50,586.854696
382.004556,50,587.442431
378.335223,50,588.04494
375.152508,50,588.624905
381.723748,50,589.248903
376.63024,50,589.835266
379.149128,50,590.412472
365.779856,50,591.008456
371.980661,50,591.611456
374.013567,50,592.208395
356.689193,50,592.790007
341.297577,50,593.396614
373.250893,50,594.001357
378.925294,50,594.579828
374.524604,50,595.177728
384.730515,50,595.782902
336.874323,50,596.376533
373.612568,50,596.961397
371.584435,50,597.573951
381.571645,50,598.157671
379.30589,50,598.7594
358.710831,50,599.351066
370.976103,50,599.958879
377.547325,50,600.564071
371.740643,50,601.154371
374.023913,50,601.740251
373.251001,50,602.329165
376.756513,50,602.904825
366.291206,50,603.484052
377.624172,50,604.06504
372.731748,50,604.661513
360.815653,50,605.249599
380.04052,50,605.824963
366.783512,50,606.404155
359.860239,50,607.000041
374.571444,50,608.03881
353.595335,50,608.622402
300.237885,50,609.250654
381.808166,50,609.839123
372.683975,50,610.42079
369.421727,50,611.000517
371.378816,50,611.585403
372.71916,50,612.171002
368.493459,50,612.769602
370.478425,50,613.354019
375.16224,50,613.947188
377.035432,50,614.532228
379.699984,50,615.116273
365.735153,50,615.700086
372.406618,50,616.293215
366.482891,50,616.8791
341.081612,50,617.485342
362.053706,50,618.069903
377.333394,50,618.652424
367.622861,50,619.246972
380.102026,50,619.840502
371.605098,50,620.456598
381.297393,50,621.05672
383.107538,50,621.663045
376.585595,50,622.250781
363.928333,50,622.863676
376.924251,50,623.478286
370.951863,50,624.091297
378.833762,50,624.690922
375.182111,50,625.275955
381.535482,50,625.859849
377.889974,50,626.460122
369.602287,50,627.05565
374.939082,50,627.649941
378.862827,50,628.252467
366.124924,50,628.854756
367.033425,50,629.447023
376.064699,50,630.032778
371.921271,50,630.617599
376.641655,50,631.207
384.357686,50,632.364344
381.255029,50,632.964652
381.578675,50,633.549481
382.064587,50,634.139224
384.307002,50,634.719833
387.813495,50,635.308927
372.837638,50,635.905208
387.184698,50,636.493489
380.931922,50,637.080658
385.860344,50,637.688451
374.033079,50,638.278278
377.621375,50,638.861247
379.757026,50,639.450617
370.69814,50,640.047157
381.878554,50,640.676805
384.055582,50,641.28729
375.037878,50,641.896948
384.906121,50,642.495873
386.366056,50,643.101083
372.226514,50,643.689485
368.818576,50,644.291936
389.239407,50,644.880437
379.345438,50,645.467384
385.704839,50,646.047982
373.700826,50,646.628659
378.118612,50,647.219069
381.400934,50,647.808873
384.703075,50,648.391265
378.017399,50,648.991602
379.333461,50,649.595507
380.302803,50,650.20919
380.383879,50,650.795787
368.20617,50,651.378039
374.453537,50,651.968735
386.845842,50,652.55241
381.94443,50,653.134752
363.441527,50,653.734391
362.734838,50,654.332757
379.45586,50,654.919036
379.328834,50,655.53245
390.932324,50,656.567188
378.679795,50,657.20133
383.931938,50,657.794781
386.970967,50,658.380791
389.342706,50,658.972144
384.456758,50,659.568876
387.761469,50,660.166227
380.310988,50,660.748648
373.593421,50,661.332586
378.738847,50,661.929794
369.546936,50,662.510085
372.441224,50,663.102461
373.104803,50,663.706057
372.343422,50,664.299612
382.181248,50,664.889717
372.943337,50,665.468116
386.565281,50,666.053178
384.850894,50,666.633777
385.435412,50,667.230537
385.12152,50,667.826254
379.010782,50,668.414202
385.255221,50,669.01202
375.539022,50,669.60366
381.529627,50,670.192224
366.093665,50,670.767699
377.937077,50,671.3764
379.864013,50,671.986196
386.823568,50,672.581505
377.641322,50,673.189408
378.451809,50,673.790349
381.528804,50,674.401237
382.292742,50,674.990008
385.169465,50,675.578596
379.998601,50,676.162907
382.371109,50,676.748774
384.030767,50,677.338346
385.837399,50,677.93364
386.46027,50,678.530842
384.652033,50,679.14926
367.946093,50,679.74099
354.854949,50,680.780969
386.382698,50,681.370217
389.067805,50,681.956177
384.470255,50,682.540018
384.185025,50,683.1229
379.79806,50,683.712227
381.334237,50,684.335413
381.668979,50,684.922578
366.565364,50,685.537149
381.173436,50,686.129244
383.368338,50,686.717664
385.784649,50,687.310795
376.505837,50,687.899227
382.807671,50,688.504906
377.729483,50,689.194943
387.62495,50,689.792949
385.593288,50,690.394352
383.195755,50,690.995099
378.401869,50,691.581478
379.168026,50,692.177279
380.531341,50,692.858061
382.339789,50,693.45275
384.467786,50,694.051384
382.441232,50,694.694766
379.366449,50,695.310822
380.347722,50,695.898095
381.785924,50,696.482619
377.224292,50,697.083325
385.064549,50,697.668919
382.176652,50,698.254176
375.030266,50,698.839265
377.205167,50,699.441146
381.173384,50,700.037409
377.961778,50,700.647874
378.554379,50,701.246262
370.510707,50,701.834385
386.303646,50,702.41849
382.767787,50,703.134818
380.646739,50,703.775684
377.152356,50,704.383888
381.359904,50,705.453981
383.868589,50,706.039805
377.365502,50,706.683819
372.740508,50,707.365318
386.667275,50,707.978615
375.111541,50,708.620694
382.074539,50,709.216257
381.368802,50,709.854514
384.191297,50,710.438108
377.248252,50,711.023737
388.31354,50,711.611207
380.380109,50,712.204877
376.910553,50,712.793634
384.03116,50,713.416499
375.675103,50,714.009561
374.573442,50,714.594551
379.118951,50,715.185444
373.79226,50,715.771009
379.650689,50,716.356113
367.186008,50,716.940312
372.444258,50,717.541504
373.585737,50,718.122684
350.218168,50,718.70773
378.304004,50,719.310042
376.588629,50,719.918787
380.917078,50,720.531463
371.413898,50,721.135701
375.293315,50,721.748034
379.124678,50,722.36252
375.890729,50,722.965989
359.256196,50,723.588573
376.439505,50,724.176073
372.518532,50,724.761856
372.983447,50,725.365377
365.414821,50,725.951144
372.962494,50,726.538651
376.951537,50,727.129409
383.352758,50,727.722236
385.764193,50,728.309309
381.581833,50,728.908183
376.037385,50,729.971793
374.251743,50,730.580038
376.155864,50,731.172026
381.33411,50,731.76751
378.323357,50,732.356003
382.26398,50,732.942242
374.966442,50,733.528488
373.980333,50,734.136419
381.237218,50,734.747256
375.62643,50,735.351445
376.769577,50,735.956654
380.360506,50,736.545807
378.571113,50,737.166656
381.834972,50,737.770475
380.499009,50,738.367592
375.026632,50,738.975896
385.909778,50,739.557053
383.808464,50,740.143825
379.917044,50,740.729923
381.852287,50,741.325123
388.442306,50,741.910267
384.947374,50,742.495593
381.974311,50,743.079966
388.582162,50,743.659085
383.643462,50,744.252737
390.336741,50,744.844179
382.914192,50,745.430343
378.522422,50,746.010435
387.563032,50,746.595803
371.631674,50,747.181757
379.450472,50,747.761418
383.239204,50,748.345878
387.133291,50,748.927938
379.053398,50,749.527938
372.249,50,750.11722
386.361947,50,750.700605
373.004008,50,751.316305
379.589234,50,751.903198
381.78536,50,752.490535
379.970785,50,753.090873
381.273085,50,754.222095
382.931676,50,754.809606
377.364455,50,755.393112
380.853682,50,755.998695
384.765317,50,756.613162
370.499297,50,757.214121
379.94527,50,757.817706
382.014898,50,758.40696
358.975596,50,758.992719
359.337608,50,759.589167
371.123094,50,760.177342
371.290577,50,760.764114
383.25721,50,761.348849
386.02401,50,761.960878
378.834142,50,762.565157
377.335015,50,763.162083
374.281373,50,763.759743
377.748851,50,764.360986
378.56169,50,764.945782
375.315605,50,765.527897
381.863308,50,766.109988
379.267477,50,766.735009
373.01682,50,767.325063
377.834538,50,767.923858
380.210787,50,768.526636
373.725841,50,769.116723
378.814438,50,769.710107
372.214632,50,770.298496
387.172581,50,770.883308
378.270953,50,771.462088
377.05178,50,772.056098
371.97109,50,772.647414
372.235291,50,773.232304
384.678003,50,773.820339
378.415172,50,774.408316
377.647525,50,774.998334
382.102876,50,775.582232
383.544136,50,776.171433
371.329855,50,776.759658
371.387462,50,777.348479
376.343043,50,778.377486
371.954676,50,778.992261
376.178575,50,779.602649
382.402248,50,780.213571
374.7191,50,780.836118
378.566927,50,781.428148
370.974292,50,782.024528
390.073766,50,782.618747
380.880406,50,783.209535
383.95281,50,783.791506
374.467507,50,784.392391
372.403347,50,784.993804
371.549202,50,785.58759
374.140362,50,786.182822
367.409184,50,786.776985
373.29205,50,787.375451
292.768148,50,787.956324
385.342791,50,788.540888
377.561883,50,789.123564
378.26261,50,789.72881
377.848064,50,790.322116
371.406558,50,790.906961
373.142519,50,791.491912
380.505972,50,792.086405
373.150405,50,792.672974
384.679696,50,793.268699
377.574546,50,793.867332
376.43775,50,794.458308
379.80924,50,795.041538
372.363717,50,795.633279
379.901374,50,796.241146
378.249735,50,796.837536
374.68685,50,797.430017
383.992997,50,798.014865
383.051131,50,798.611285
376.092128,50,799.194866
382.759845,50,799.791774
380.767741,50,800.401879
371.519422,50,800.986518
377.09695,50,801.575479
382.351499,50,802.609421
376.768273,50,803.218605
385.441147,50,803.834625
385.568456,50,804.446045
385.189861,50,805.047245
383.525543,50,805.649038
387.734936,50,806.237416
378.235737,50,806.824857
376.355017,50,807.417527
387.225211,50,808.017101
377.218648,50,808.599203
377.710781,50,809.200684
380.671441,50,809.816888
389.540342,50,810.406031
385.813493,50,810.992537
379.48414,50,811.593538
379.561817,50,812.18137
377.185085,50,812.77112
370.429445,50,813.356358
374.975055,50,813.945565
377.584073,50,814.628069
374.325292,50,815.244267
381.972491,50,815.830398
382.942092,50,816.446016
382.742441,50,817.060951
380.070104,50,817.666457
382.403519,50,818.268134
380.941766,50,818.884732
383.750664,50,819.467164
385.483207,50,820.064888
379.527875,50,820.655331
382.190752,50,821.238941
377.657486,50,821.846051
382.899377,50,822.457647
373.452096,50,823.068198
375.989965,50,823.662282
383.776269,50,824.276334
378.432844,50,824.868698
376.670106,50,825.459398
375.976619,50,826.04839
372.659623,50,827.123299
378.810951,50,827.71046
384.279766,50,828.312071
377.077983,50,828.92023
379.761529,50,829.529659
377.733714,50,830.142623
382.98765,50,830.730343
383.462318,50,831.318413
370.259928,50,831.921526
377.63529,50,832.530877
383.964938,50,833.138189
382.522481,50,833.749349
378.825251,50,834.354985
386.892907,50,834.982398
381.218661,50,835.594252
384.551644,50,836.174019
382.92034,50,836.760486
376.585232,50,837.3432
376.385648,50,837.932415
370.152441,50,838.510511
362.795374,50,839.102074
367.556129,50,839.692354
377.553355,50,840.27662
380.454261,50,840.863666
383.91912,50,841.453141
378.318716,50,842.048828
377.277034,50,842.629211
378.044898,50,843.216944
372.308774,50,843.806631
367.001045,50,844.43426
377.063238,50,845.022146
378.543546,50,845.603641
380.032631,50,846.188369
381.397038,50,846.782457
387.760269,50,847.389986
375.645885,50,847.984947
381.514262,50,848.566246
375.413777,50,849.157126
380.021438,50,849.737882
381.614921,50,850.328784
383.369395,50,851.372744
380.506447,50,851.9629
372.705075,50,852.54863
366.115089,50,853.148295
376.278892,50,853.73125
375.777037,50,854.32093
360.594608,50,854.910872
340.904395,50,855.501311
360.253186,50,856.085445
372.939313,50,856.707513
382.058576,50,857.298227
383.532598,50,857.914066
378.471605,50,858.506389
387.010379,50,859.102827
382.266254,50,859.698063
385.703915,50,860.311734
383.991005,50,860.926808
381.870955,50,861.541763
376.859933,50,862.147326
380.902628,50,862.742097
383.495298,50,863.331632
383.11239,50,863.924379
383.690001,50,864.509877
382.337294,50,865.097061
381.038248,50,865.678584
376.515132,50,866.260586
376.140196,50,866.855779
385.137479,50,867.441824
375.670009,50,868.02516
380.614183,50,868.650887
371.718333,50,869.24277
384.02358,50,869.833022
377.121612,50,870.450061
384.84776,50,871.037476
384.778313,50,871.64335
385.112418,50,872.247115
378.075926,50,872.832383
372.02189,50,873.433676
384.37674,50,874.026173
384.008951,50,874.6356
377.647042,50,875.773676
375.481344,50,876.392258
380.317353,50,876.983369
385.521731,50,877.575613
382.163154,50,878.171258
383.523625,50,878.765113
387.931718,50,879.376649
372.0257,50,879.979638
376.114798,50,880.565477
375.134809,50,881.154436
385.943353,50,881.741759
383.082665,50,882.367235
382.964696,50,882.977066
379.350403,50,883.569179
381.807142,50,884.160452
380.098627,50,884.740875
385.032994,50,885.328522
386.907145,50,885.914562
380.116531,50,886.521943
382.314471,50,887.114034
381.480402,50,887.698342
373.03393,50,888.291569
381.786264,50,888.917761
375.855646,50,889.502786
368.77649,50,890.085785
373.494205,50,890.671844
376.387847,50,891.270153
381.677119,50,891.863605
381.357472,50,892.453085
385.196448,50,893.057921
381.558544,50,893.666607
381.400656,50,894.283797
385.86016,50,894.880452
382.365557,50,895.480199
379.066248,50,896.062355
375.884239,50,896.653625
379.672418,50,897.252933
380.522541,50,897.834083
372.513339,50,898.431327
384.123157,50,899.056549
384.986358,50,900.096908
378.139651,50,900.689288
332.35662,50,901.267948
379.944232,50,901.857401
382.132773,50,902.440404
377.463061,50,903.027425
374.393647,50,903.620545
385.108953,50,904.2224
384.035809,50,904.814
373.689094,50,905.400313
379.927753,50,905.989635
371.554684,50,906.575006
371.102599,50,907.185666
378.605378,50,907.802849
377.10575,50,908.388196
373.405713,50,908.984885
387.002886,50,909.57804
375.806331,50,910.175933
377.148529,50,910.770216
379.720492,50,911.350965
372.608175,50,911.940675
374.91005,50,912.528011
387.125254,50,913.112931
374.62045,50,913.702364
376.831516,50,914.294271
377.390742,50,914.879369
389.441322,50,915.46191
378.381637,50,916.04915
380.034546,50,916.656293
381.929634,50,917.269685
379.958246,50,917.874022
371.130412,50,918.454693
368.49106,50,919.047031
374.426065,50,919.661826
377.452285,50,920.272573
381.53451,50,920.875718
390.813566,50,921.46921
376.24381,50,922.066865
362.625499,50,922.647261
371.690965,50,923.230001
385.48004,50,924.281723
380.749535,50,924.905441
382.612798,50,925.516801
388.007367,50,926.183098
387.813057,50,926.854277
381.648024,50,927.488426
383.480277,50,928.16302
381.539923,50,928.851466
378.884667,50,929.468318
381.68658,50,930.070338
371.856601,50,930.691365
379.825367,50,931.353779
373.917321,50,932.127983
378.242997,50,932.838949
379.735,50,933.490371
381.089591,50,934.140186
387.47474,50,934.847001
383.948832,50,935.547879
387.717399,50,936.220833
370.63621,50,936.81579
380.753996,50,937.523965
378.290959,50,938.279886
381.538699,50,939.057795
378.06389,50,939.882547
384.478368,50,940.503565
380.217987,50,941.119995
370.120616,50,941.735697
380.699168,50,942.344944
382.547449,50,943.128913
381.666757,50,943.860797
384.210431,50,944.638526
376.667056,50,945.296056
388.018771,50,945.870469
384.324301,50,946.443923
383.271137,50,947.022405
367.059434,50,947.600181
374.422945,50,948.344577
379.576324,50,949.053562
368.766146,50,949.81401
371.712239,50,950.463434
371.926265,50,951.642122
374.620123,50,952.379639
382.579668,50,953.09843
385.184294,50,953.795348
382.905418,50,954.493331
377.172912,50,955.201583
378.836339,50,955.891312
370.628378,50,956.581975
367.868261,50,957.27792
379.167533,50,958.114844
371.716494,50,958.967368
382.919236,50,959.767927
377.198418,50,960.58072
386.089683,50,961.317894
379.484321,50,961.952549
374.691919,50,962.590384
387.672539,50,963.423926
379.455639,50,964.294075
383.632727,50,965.111674
371.545909,50,965.766733
381.743076,50,966.323797
375.475749,50,966.919746
379.355695,50,967.611578
378.75017,50,968.334567
372.484298,50,968.98859
373.769568,50,969.612913
376.789864,50,970.288698
382.753941,50,970.932555
381.502708,50,971.551837
381.191172,50,972.177554
374.731816,50,972.892754
203.357954,50,973.57925
375.248205,50,974.236556
382.443612,50,974.966641
240.795842,50,975.791788
386.05855,50,976.484942
374.286447,50,977.186194
311.669649,50,977.963536
378.976512,50,978.664657
376.411237,50,979.378402
380.640417,50,980.640975
382.432649,50,981.348557
386.357142,50,982.05559
381.260031,50,982.742474
387.140404,50,983.563272
382.394232,50,984.549773
382.441015,50,985.531917
378.826413,50,986.450359
383.800012,50,987.194661
382.730452,50,987.889613
372.336046,50,988.576795
378.857599,50,989.311272
379.86166,50,990.005454
378.812273,50,990.687695
383.127031,50,991.396301
381.768271,50,992.079853
380.01778,50,992.760739
373.388258,50,993.439661
376.9108,50,994.120052
376.462829,50,994.801213
386.154001,50,995.471804
384.388284,50,996.190264
385.814882,50,996.918261
379.520898,50,997.622902
383.427203,50,998.316172
372.649157,50,999.009523
385.052427,50,999.691123
380.000883,50,1000.402378
386.414384,50,1001.110564
381.687868,50,1001.79493
386.387836,50,1002.473251
381.946098,50,1003.134667
387.905779,50,1003.816976
381.56037,50,1004.484503
382.01233,50,1005.159961
383.778429,50,1005.836301
380.182242,50,1006.571619
362.253588,50,1007.260972
378.551787,50,1007.923899
377.018935,50,1008.584077
384.614429,50,1009.898811
389.214564,50,1010.565183
381.628619,50,1011.27131
380.090138,50,1011.944777
379.882229,50,1012.614
379.413702,50,1013.291268
385.657414,50,1013.967953
384.751957,50,1014.641574
379.951495,50,1015.313863
378.684202,50,1016.056797
384.107642,50,1016.741322
392.343705,50,1017.406549
378.884444,50,1018.078486
388.38893,50,1018.755907
389.042807,50,1019.440671
388.376893,50,1020.115036
381.139073,50,1020.855852
381.785677,50,1021.527283
380.556751,50,1022.221539
384.340805,50,1022.889441
375.197255,50,1023.554156
386.487725,50,1024.231306
381.64327,50,1024.893408
384.823636,50,1025.560498
380.22532,50,1026.25547
383.682115,50,1026.945969
380.638795,50,1027.619612
378.435342,50,1028.292475
385.992049,50,1028.977324
385.461504,50,1029.662942
367.512202,50,1030.332926
386.219397,50,1031.068091
381.355799,50,1031.731097
385.788663,50,1032.402555
385.033673,50,1033.064251
379.77695,50,1033.789661
374.806364,50,1034.444375
383.32199,50,1035.114791
379.260433,50,1035.78
379.966434,50,1036.448857
382.098871,50,1037.646487
379.178553,50,1038.331134
381.170388,50,1039.050489
383.977177,50,1039.72644
381.118435,50,1040.404446
376.061072,50,1041.085398
378.794815,50,1041.76544
375.17877,50,1042.454679
387.692705,50,1043.131828
379.575969,50,1043.84765
382.394649,50,1044.53029
373.768946,50,1045.212272
383.02425,50,1045.889278
389.193998,50,1046.573514
381.817878,50,1047.247482
381.369142,50,1047.920293
372.206991,50,1048.639188
373.793466,50,1049.31941
386.040649,50,1049.999612
383.256923,50,1050.698611
378.650839,50,1051.371874
380.022981,50,1052.062206
389.734984,50,1052.734686
386.46264,50,1053.408509
376.779444,50,1054.08922
378.114859,50,1054.794492
377.730855,50,1055.459721
376.182848,50,1056.13536
385.365583,50,1056.8079
382.543624,50,1057.491502
385.311614,50,1058.170485
375.244096,50,1058.885129
375.339488,50,1059.542109
388.841015,50,1060.219048
381.412925,50,1060.878335
381.174325,50,1061.54374
381.647104,50,1062.229156
391.825074,50,1062.912277
380.848626,50,1063.571984
379.437788,50,1064.262707
385.126657,50,1065.449771
378.125018,50,1066.141971
383.107345,50,1066.816059
384.758489,50,1067.535687
387.019985,50,1068.24082
375.70255,50,1068.932169
379.494434,50,1069.611369
378.907417,50,1070.329661
382.501609,50,1071.011544
378.577032,50,1071.698477
382.794124,50,1072.376579
380.06212,50,1073.038207
386.76551,50,1073.715446
382.179052,50,1074.399522
380.718272,50,1075.07753
375.005805,50,1075.75319
382.41341,50,1076.437511
385.83418,50,1077.15033
381.666472,50,1077.8292
384.793552,50,1078.498434
374.211172,50,1079.282918
377.96866,50,1080.04019
385.575288,50,1080.740069
384.946098,50,1081.416932
379.560395,50,1082.103133
383.634334,50,1082.781309
381.532908,50,1083.460961
379.682334,50,1084.176732
378.114505,50,1084.851724
382.546831,50,1085.553299
379.642909,50,1086.235304
378.146924,50,1086.920807
379.642618,50,1087.596665
383.27631,50,1088.272428
378.689038,50,1088.952877
388.967421,50,1089.639432
373.606619,50,1090.318564
381.312342,50,1091.004748
380.402964,50,1091.681257
379.689847,50,1092.356871
377.126066,50,1093.633923
380.332233,50,1094.34853
377.10529,50,1095.022299
371.707013,50,1095.689734
383.485967,50,1096.370207
380.420773,50,1097.052588
378.183575,50,1097.724865
373.024703,50,1098.385953
376.435208,50,1099.059301
378.755144,50,1099.936353
384.438389,50,1100.654855
383.131902,50,1101.334203
381.032397,50,1102.148227
378.247699,50,1102.834478
385.890504,50,1103.482372
384.34321,50,1104.132035
385.007588,50,1104.841699
379.671842,50,1105.417999
371.771401,50,1106.001561
368.169662,50,1106.652807
369.909622,50,1107.345619
386.011353,50,1107.969428
386.943264,50,1108.537125
385.850189,50,1109.167788
382.03584,50,1109.844549
373.214233,50,1110.450635
379.641897,50,1111.029771
379.967654,50,1111.620524
377.755216,50,1112.287799
382.017005,50,1112.965894
380.287582,50,1113.709092
375.503318,50,1114.463548
375.901953,50,1115.065736
379.138571,50,1115.759024
377.157799,50,1116.459978
371.937679,50,1117.149584
367.074281,50,1117.85822
385.868123,50,1118.547966
372.029521,50,1119.281618
378.409213,50,1119.965233
376.832552,50,1121.181999
376.208637,50,1121.886406
387.042782,50,1122.578041
383.747506,50,1123.264198
383.373844,50,1123.965951
380.684071,50,1124.74216
378.681654,50,1125.709561
384.976574,50,1126.743567
380.124844,50,1127.648892
379.789782,50,1128.392907
388.844569,50,1129.109203
370.999265,50,1129.829044
365.414576,50,1130.548434
378.034108,50,1131.265495
376.911822,50,1132.007081
373.372123,50,1132.707386
380.815111,50,1133.451772
373.472798,50,1134.242962
375.962011,50,1135.027546
376.298152,50,1135.761783
376.213462,50,1136.570952
378.653294,50,1137.354382
376.121181,50,1138.11896
375.40231,50,1138.874061
377.029809,50,1139.631585
374.308529,50,1140.351303
383.018782,50,1141.104924
371.854328,50,1141.919867
380.114349,50,1142.541317
377.453568,50,1143.140959
372.582338,50,1143.70742
377.584444,50,1144.308391
381.517201,50,1145.028701
382.459455,50,1145.652705
375.83058,50,1146.217949
381.945963,50,1146.787086
379.730822,50,1147.360811
371.457408,50,1147.929087
377.217597,50,1148.503518
389.193224,50,1149.07441
384.823131,50,1150.1811
384.957964,50,1150.788006
376.405268,50,1151.400606
372.420774,50,1152.01567
376.98201,50,1152.578349
383.339178,50,1153.138948
380.467362,50,1153.705754
383.540376,50,1154.278273
385.013677,50,1154.852279
386.304,50,1155.431793
386.30337,50,1156.00358
382.421126,50,1156.587408
378.508236,50,1157.161578
379.485142,50,1157.73418
382.41233,50,1158.309271
381.092262,50,1158.887639
377.199086,50,1159.450815
385.486573,50,1160.013103
375.602361,50,1160.574433
380.093597,50,1161.137492
378.440375,50,1161.707274
368.66568,50,1162.293647
382.468185,50,1162.882912
380.60868,50,1163.465757
369.921592,50,1164.034696
385.77235,50,1164.630334
384.244772,50,1165.222912
377.892759,50,1165.802687
381.080296,50,1166.373739
378.427538,50,1166.948822
379.26206,50,1167.513529
376.695456,50,1168.082343
384.890991,50,1168.641489
380.147294,50,1169.217877
384.459546,50,1169.785644
386.181534,50,1170.344057
377.98125,50,1170.910414
379.636473,50,1171.487626
377.323919,50,1172.060321
377.857397,50,1172.64159
370.021627,50,1173.650775
380.853413,50,1174.260454
372.27475,50,1174.831793
374.148006,50,1175.42158
377.13065,50,1175.99062
373.848043,50,1176.56242
383.272,50,1177.131171
375.099083,50,1177.709406
382.082285,50,1178.278324
384.102679,50,1178.854545
376.06458,50,1179.432474
378.213556,50,1180.020066
377.788679,50,1180.607431
383.073662,50,1181.196057
379.89461,50,1181.76324
377.451947,50,1182.327893
377.270477,50,1182.898139
377.421233,50,1183.469305
387.177579,50,1184.032148
384.963592,50,1184.602055
383.791472,50,1185.16349
377.06282,50,1185.727011
378.715486,50,1186.324423
385.999343,50,1186.888848
382.969304,50,1187.453993
375.164221,50,1188.019062
382.452319,50,1188.603644
380.670924,50,1189.189507
379.147001,50,1189.762019
385.059833,50,1190.355201
382.204369,50,1190.925045
376.520777,50,1191.492867
384.554483,50,1192.059954
383.542169,50,1192.630289
381.723692,50,1193.190929
386.665819,50,1193.754897
384.856552,50,1194.329638
382.764658,50,1194.903848
372.010999,50,1195.477489
385.103556,50,1196.060238
376.178838,50,1197.069175
382.521423,50,1197.63943
377.793563,50,1198.217502
385.231001,50,1198.787154
369.185705,50,1199.352851
377.747705,50,1199.93096
386.301746,50,1200.491094
388.656502,50,1201.056317
385.223521,50,1201.615068
388.588252,50,1202.189393
372.772481,50,1202.752741
384.991747,50,1203.350116
382.651556,50,1203.934953
384.11873,50,1204.512986
379.39623,50,1205.091481
381.826438,50,1205.661418
382.167048,50,1206.244307
384.084357,50,1206.814705
382.808386,50,1207.384469
388.574334,50,1207.948779
377.144863,50,1208.596438
379.639514,50,1209.195731
385.125423,50,1209.801701
387.540065,50,1210.363565
387.087956,50,1210.929533
384.925015,50,1211.491126
383.512088,50,1212.062655
383.788588,50,1212.628302
384.107024,50,1213.189886
382.947637,50,1213.754864
384.656597,50,1214.339385
384.878872,50,1214.903897
384.876152,50,1215.47214
389.02603,50,1216.033326
381.870877,50,1216.606157
388.748918,50,1217.178021
391.16616,50,1217.764755
381.075646,50,1218.341779
385.116322,50,1218.902938
377.022245,50,1219.466578
376.631124,50,1220.470353
382.429656,50,1221.03457
384.421581,50,1221.606746
388.998488,50,1222.207821
372.790666,50,1222.768626
373.587798,50,1223.335845
379.802529,50,1223.906841
368.450649,50,1224.468434
382.645831,50,1225.033316
381.308548,50,1225.606928
373.661037,50,1226.166948
374.958001,50,1226.727605
391.396245,50,1227.293113
378.464957,50,1227.85225
379.965881,50,1228.418401
381.730157,50,1228.977675
381.185059,50,1229.542707
378.068631,50,1230.106326
377.131858,50,1230.670482
380.117343,50,1231.232793
390.822205,50,1231.827134
383.232672,50,1232.411192
381.75017,50,1232.983359
381.245831,50,1233.547016
383.542114,50,1234.105659
378.817286,50,1234.674852
377.690538,50,1235.238452
384.726036,50,1235.801263
380.310686,50,1236.35982
387.075256,50,1236.928534
377.716561,50,1237.489605
382.620817,50,1238.052095
387.120682,50,1238.611671
377.609912,50,1239.173133
383.860039,50,1239.735901
377.138616,50,1240.299392
381.99492,50,1240.862036
386.612223,50,1241.428579
371.458435,50,1241.998324
381.196713,50,1242.568984
383.977691,50,1243.579384
385.409559,50,1244.155517
382.960515,50,1244.717669
386.794533,50,1245.310208
377.722001,50,1245.877363
385.533835,50,1246.454003
386.232035,50,1247.017237
378.606472,50,1247.583758
384.347615,50,1248.16035
383.878952,50,1248.733757
389.613113,50,1249.308336
383.973516,50,1249.879801
372.96834,50,1250.469234
382.438806,50,1251.06681
387.202266,50,1251.631679
383.367079,50,1252.205407
380.757992,50,1252.778445
382.65953,50,1253.347357
387.820117,50,1253.956247
385.340829,50,1254.526588
388.911266,50,1255.088666
388.368817,50,1255.652029
387.470495,50,1256.211539
384.154955,50,1256.768234
382.11495,50,1257.337486
382.333953,50,1257.90607
379.585355,50,1258.464919
371.296158,50,1259.034998
377.385357,50,1259.606097
381.847141,50,1260.178166
386.046521,50,1260.737234
386.318371,50,1261.325471
374.225148,50,1261.898198
381.724698,50,1262.474941
385.308915,50,1263.053719
381.272265,50,1263.638867
386.749399,50,1264.204019
381.016592,50,1264.771969
384.085472,50,1265.354067
384.698135,50,1265.934144
